Caption,Likes,Views,Comments,Shares,Post Type
"Sweat dries, blood clots, bones heal ; only strong men & women become police officers.
#narcotics #indianpolice
#infosec #learncodeonline #hacking #informationsecurity #ethicalhacking",2065,,46,,Photo
"I am just your guy! Oh wait, you love computers? I am your computer guy & you're my family in the kingdom of LCO! 
#jampacked #housefull #lco #learncodeonline",615,,6,,Photo
This was the most electrifying crowd that i have ever seen!,296,,2,,Photo
"Level SuperMind x Hitesh Chaudhary are bringing a 24-hour GenAI Hackathon to Mumbai this Jan 18-19. 

Prizes worth 3lakhs up for grab

Register on hack.level.game",15462,159796.0,135,159796.0,Reel
"Wo product, wo hustle, wo ups and down, wo network, wo vision. Sab boley bas karo ye product bohot time le rah hai, youtube pe wapis aa jao, hatao isey. 
Ab jab launching se bohot kareeb hu to lagta hai saari problems worth it thi or ye process jiney ka mene puura maza liya. 

Sab sach hoga or real life problem bhi solve huegi. 

2025 ki taiyari almost set hai, ham jald hi comeback kar rae hai! 

Developers bhi khush huengey or unki seekhi hui skills ka reward bhi milega. 

Bekaar hiring ki wajah se company ka budget bhi bachega or bina skill walay talents ki wajah toxic mahol me bhi kami dekhney ko milegi. 

-JabFounderBola

#product  #launchingreallysoon #tech #hiring #programmers #coders #foundersdiary",992,,10,,Photo
Chill mode is natural! üòÅüòé,526,,3,,Photo
"Sharp, sleek, & forever classy is my preference! 

#jaipur #rajasthan",504,,6,,Photo
"We know each other from so long but finally met in-person with @harshiljkaria , he is redefining the boundaries of tech, branding and mindfulness. Wonderful painting in the back at @schbang  office where they are revolutionising how brands connect with the world, while his @levelsupermind app is helping people unlock the power of meditation and mental well-being. Conversations like these inspire me to think bigger, dream bolder and strive for meaningful impact. Here‚Äôs to innovation, mindfulness and making world a better place‚Äîone idea at a time üöÄ",634,,4,,Photo
"Some very cool clicks from my favourite CyberSec üëæevent of India üáÆüá≥ @bsidesahmedabad 
It‚Äôs always nice catching up with so many hacking üë®üèª‚Äçüíªfriends, they always make my October super awesome! 

#hacking #ethicalhacking #cybersecurity #informationsecurity #kalilinux #computerscience #linux #pentesting #appsec",432,,5,,Carousel
"Spotlight must agree, i am a show you got to see! ‚ú®
I make sure that the audi gets electrifying with my energetic aura. ‚ö°Ô∏è 
Hope you guys enjoyed my presence üöÄ
Thank you @bsidesahmedabad 
@imniksri @sk_pandey1337 @jinen2411  for making me a part of this awesome infosec conference yet againnn!!! 
See you again next year! 

LatePostBestPost.

#hacking  #informationsecurity #cybersecurity #ethicalhacking #bugbounty #kalilinux #computerscience",318,4082.0,22,4082.0,Reel
"Happy diwali from your friendly neighbourhood techies! ü™î

#tech #computerscience #programming #hiteshchoudhary",9297,,46,,Photo
"Sometimes, you realize you are living a once-in-a-lifetime opportunity‚Äîone where you meet and interact with a true legend in person. I had the privilege of meeting @kondavishweshwarreddy sir, a distinguished leader who has held prominent roles such as CEO and MD at Wipro HCIT, MD and Director at Citadel, MD and CEO at GE Healthcare, and is currently serving as a Member of Parliament with the BJP.

What fascinated me even more was discovering that, back in 1985‚Äîbefore I was even born‚Äîhe was a computer science faculty member at the New Jersey Institute of Technology and Essex County College. Engaging with someone of his vast experience is a unique opportunity for learning, and I took full advantage by asking countless questions about his teaching and research. His insight into the future of technology and where humanity is headed is nothing short of extraordinary, and I found myself in complete agreement with his perspectives.

Here‚Äôs a quick glimpse of my remarkable experience with him. Thank you, Sir, for your valuable time during @bsidesahmedabad 

#bsides #ahmedabad #cybersecurity #hacking #infosec #vishweshwarreddykonda sir",214,,2,,Carousel
"Always a fun to catchup with the real OG @iamrahultyagi . He motivates me to achieve heights and go to the next level! üöÄ
A lot of must needed discussions and so much of learnings! Had a great time at Ahmedabad @bsidesahmedabad networking dinner party! 
It‚Äôs always a joy meeting up with you man!",215,,2,,Photo
"Join us on 18th October 2024 for a thrilling night session of Kali Linux x Ethical Hacking Xtreme with none other than Saksham Choudhary - internet personality, YouTuber with 135k+ subscribers, and certified ethical hacking expert! üíª

Learn about OTPs and gateway security, run Kali Linux on AWS Cloud, and explore the darknet. Whether you‚Äôre an aspiring hacker or just want to sharpen your cybersecurity skills, this hands-on session is packed with the most valuable insights and live demonstrations! ‚ú®

Register now at aaruush.org or via link in bio!

#EthicalHackingXtreme #KaliLinuxMasterclass #CyberSecurity101 #HackTheFuture #DarknetExploration #Seeyouattheevent #Aaruush #SRMIST",448,,20,,Photo
"All you need is the plan, the road map, and the courage to press on to your destination

#jaipur",221,,3,,Photo
"You‚Äôre allowed to be both ; A masterpiece & a work in progress simultaneously! 

#jaipur #india",278,,11,,Photo
"I never switched side, i switched lanes. 
Got older & realised,
Everybody ain‚Äôt the same! 

#jaipur #jaipurtalks #jaipurcity #sunday",188,,7,,Carousel
"#jaipurdiaries : 400 Nos of steep steps to reach to the Temple. (Stair inclination is between 15 to 45 deg), it‚Äôs garh ganesh.
The temple was built by Maharaja Sawai Jai Singh II when he performed the ‚ÄúAshwamegha Yagya‚Äù before the establishment of Jaipur. He made the shrine and placed the statue of Lord Ganesha before he kept the foundation stone of Jaipur.

#jaipur #jaipurtalks #jaipurcity #jaipurlove #garhganesh #pinkcityjaipur",324,,2,,Carousel
"Wherever you stand,
Stand tall & strong!",144,,1,,Photo
"In a world full of trends, i still remain a classic. 

#jaipur #jaipurtalks #jaipurcity  #rajasthan #pinkcityjaipur #instagram #explore",189,,1,,Photo
"Only a Jaipurite knows how to find the best spot in Rainy season! 
#jaipur #rajasthan #jaipurtalks #jaipurdiaries #rambaghpalace #jaipurcity #pinkcityjaipur",210,,2,,Carousel
"Though this is just a beginning but can i call it a transformation? I lost 10 kgs in last 70 days and there is a long way to go. 
Strength training made me more healthy, disciplined, increased my focus, improved my decision making and helped me in boosting my confidence as well. Try it if you wish to live longer. 
Diet is the key üîë 
#healthy #fitness #eathealthy #livelonger #gym #workout #gymphotodump",150,,4,,Carousel
"Like minded fellas hunt for the best in tech with so much of learning throughout the entrepreneur journey. 
Had a great time with @shashankin22 with a lots of brainstorming about IT industry! 
Up and up from here, more power to us ‚ö°Ô∏èüöÄ
#tech #bangalore #it #infosec #web3 #security #computerscience",137,,0,,Photo
"After so many years of my experience on mic, i don‚Äôt prepare formal speech. I go impromptu because i love to talk to everyone directly even if i am on mic. This makes my connection stronger with everyone around me. 
With @bsidesahmedabad we rocked in Bengaluru with so many CXO‚Äôs and made a family there. 
Thank you @imniksri & @sk_pandey1337 for keeping me in the run to make Bsides Ahmedabad stronger every day üí™",205,,11,,Carousel
"When we give cheerfully and accept gratefully, everyone is blessed.

#jaipur #rajasthan #tech #computerscience #programming #infosec #cybersecurity #linux #cloudcomputing",133,,3,,Photo
"Life doesn‚Äôt get easier, you just get stronger! üåü

#jaipur #rajasthan #lifelessons",146,,6,,Photo
"Everyone‚Äôs hidden craving - A lot of nature at your own place. 

#farmhouse #outhouse #holidayhome #land",245,,5,,Photo
"Spending time together and rolling in community from sooooo many years. Yes we know how to survive and thrive in tech without any complaints. 
We don‚Äôt do work anniversary or cake cutting paparazzi! 
When it comes to work
‚ÄúWE JUST DO IT!‚Äù
Like this track üé∂
@hiteshchoudharyofficial 

#brothers #tech #india #business #computerscience #technology #programming #cloudcomputing #cybersecurity",752,,15,,Photo
"Do not go where the path may lead, go instead where there is no path and leave a trail. Keep enough courage to do something AWESOME! 

#life #green #trees #farm #outhouse #rajasthan #sustainability",235,,2,,Photo
"I sit on computer every day. That‚Äôs my simplest and fundamental recipe to achieve something. 
#tech #programming #code #iwritecode #newproduct #comingsoon #computerscience",199,,1,,Photo
"I know i‚Äôm on the right path because things stopped being easy! 
#jaipur #pinkcity #pinkcityjaipur #davidbeckhameyewear",226,,3,,Photo
"Time to steal keys üîë of @hiteshchoudharyofficial ! 
New Safari Dark Edition 2024 in the house! 
It‚Äôs a next level rejoice of stealing vehicle keys from baday bhaiya! ü§©üòé

#safari2024 #tatasafari #safarifacelift #safari #newcar #beastcar",805,,22,,Carousel
"Still rocking with 7.5 million views & 40k downloads. Just write hacking on pexels.com and i will be there. 
This is one of the most viral hacking click ever! 

#hacking #cybersecurity #ethicalhackers #ethicalhacking #youhavebeenhacked",320,,7,,Photo
"Had great time at the most happening spot of Jaipur with @mukeshotwani . A great youtuber, OG tester & a diligent person by heart. 

#youtubers #youtube #Jaipur #rajasthan #nhargarhfortjaipur #nhargarh_fort",582,,1,,Photo
"Happy Diwali ü™î from your friendly neighbourhood techies.

#hiteshchoudhary #sakshamchoudhary #programming #computerscience #youtube  #brothers",4724,,35,,Photo
"I am always in love with tech and it‚Äôs innovation. Dubai future museum is doing amazing stuff with tech. Thought of posting a travel shot! #tb 
.
.
.
#travel #travelshots #travelingram #dubai #uaeüá¶üá™ #travelvideo #dubaitravel #dubaitourism #dubaifuturemuseum",162,1943.0,2,1943.0,Reel
"Search Telusko on google.
Google will suggest you Telusko Java
Telusko Python 
Telusko springboot
Taking out this amazing picture from the vault with @navinreddyofficial sir 

#java #python #springboot #2million #youtubers #youtube",441,,3,,Photo
"I truly believe in this theory : Your work is going to fill a large part of your life, & the only way to be truly satisfied is to do what you believe is great work. And the only way to do great work is to love what you do.

#entrepreneur #entrepreneurship #tech #computerscience",546,,2,,Photo
"I had an amazing time as an Opening Note Speaker at @bsidesahmedabad recently. Met with a lot of #infosec enthusiasts. 
Folks were electrifying in this amazing conference! 
Here is a quick sneakpeak. 
Also, i noticed crazy gain, surely hitting gym these days. 

#hacking #cybersecurity #ethicalhacking #cybercrime",207,1794.0,13,1794.0,Reel
"Unlock your hacking capabilities with these 3 things.

Save it for later and share it with your friends!


#hackers #hacking #cybersecurity #hack #kalilinux #linux #ethicalhacker #programming #infosec #technology #security #hackerman #pentesting #hacked #malware #cybercrime #cyberattack #coding #cyber #hackerspace #anonymous #python #informationsecurity #cybersecurityawareness #hackingtools #programmer #tech""",312,2602.0,4,2602.0,Reel
"Spotlight must agree, i am a show that you got see üòâ

#bsides #bsidesahmedabad #ethicalhacking #cybersecurity #infosec #kalilinux #cybersecurity #computerscience #hacking #pentesting #cybercrime",493,,20,,Photo
"Once a wise man said nothing :- 
Meaning : Silence is a powerful statement, a smart tactic, and many times, a wise choice. Meaningless silence is always better than speaking meaningless words.

#tech #cybersecurity #infosec #hacking #ethicalhacker #ethicalhacking",567,,9,,Photo
Where every corner whispers tales of timeless traditions and vibrant heritage. üåüüïå‚ú® #RajasthanRoyalty #CultureRichRajasthan #HeritageHues,387,,6,,Photo
"Found a wonderful picture in the vault with Hacking Squad! 
.
.
.
.
#hacking #cybersecurity #pentesting",316,,8,,Photo
"‚ú® Join us in giving a warm welcome to Saksham Choudhary, our esteemed Opening Note Speaker for the Main Stage at BSides Ahmedabad 0x04!

üíº Saksham is a YouTuber with over üéØ 130k Subscribers and the Ex Co-founder of Learncodeonline.

üî• Immerse yourself in this exceptional experience ü§© that promises to spark your curiosity and insights.",154,,8,,Photo
"Happiness is a mood, positivity is a mindset",172,,2,,Photo
"Still standing tall like a mountain with bullseye vision, no time for jabroni talks! 

#nohashtag #nohashtagneeded",222,,0,,Photo
"Okay folks, so here is @rollsroycecars ‚Äòs year 2005, 1991 & 1943 edition. 

#rollsroyce #rollsroycephantom #rollsroyceghost #rollsroycewraith #rollsroycecars #rollsroycegang #cars #luxurycars #travel #luxurylifestyle #carporn #carinstagram #carphotography #india üáÆüá≥ #indiapictures #indiaclicks",147,,2,,Carousel
"Well, this is my way of living joyful & stress-free life :) üåü‚ú®ü§©
Who else craves the magic of nature‚Äôs jacuzzi? üõÅ
#NatureLover, #IslandLife, #OceanEscape, #TravelGoals, #Wanderlust, #ParadiseFound, #BeachLife, #IslandAdventures, #NatureTherapy, #ExploreTheWorld, #TravelDiaries, #AquaTherapy, #SereneScenes, #ChasingHorizons, #CalmingWaters, #EscapeReality, #TropicalGetaway, #DreamDestination, #SeasideSerenity, #PeacefulMoments",213,,6,,Photo
"I have seen further than others, by standing upon the shoulders of giants.
- Isaac

#udaipur 
üåÖ #CityOfLakes #TravelGoals #RajasthanDiaries #Inspiration #Wanderlust #VacationMode #IncredibleIndia #TravelPhotography",304,,4,,Photo
"Captured a moment with the visionary CEO of @dhiwise @vishivish1912 today. Inspired by his game-changing platform that effortlessly transforms design into code. 
His down-to-earth nature and genuine care for everyone around him is truly admirable. Grateful to witness the future of design and technology in action! üöÄ #dhiwise #VisionaryLeader #TransformingDesign #Inspiration#programming #computerscience #computerengineering #figma",220,,1,,Photo
"3 Illegal ü§´ Hacking Devices üë®‚Äçüíª‚ö°‚ö†Ô∏è

Don't try this without the permission of the owner. üëø

Save it for later and share it with your friends!


#hackers #hacking #cybersecurity #hack #kalilinux #linux #ethicalhacker #programming #infosec #technology #security #hackerman #pentesting #hacked #malware #cybercrime #cyberattack #coding #cyber #hackerspace #anonymous #python #informationsecurity #cybersecurityawareness #hackingtools #programmer #tech",6824,44175.0,29,44175.0,Reel
"A gentleman is one who puts more into the world than he takes out.

#india #formals #gentleman #classic #instagood #instafashion #explorepage",293,,6,,Photo
"Comment your favourite Movie üëá 

#hackers #hacking #hacker #cybersecurity #ethicalhacking #hack #kalilinux #linux #ethicalhacker #programming #infosec #technology #security #hackerman #pentesting #hacked #malware #cybercrime #cyberattack #coding #cyber #hackerspace #anonymous #python #informationsecurity #cybersecurityawareness #hackingtools #programmer #tech",990,7092.0,25,7092.0,Reel
"üëø Learn Ethical Hacking using Chat-Gpt

üëâ Use Chat-Gpt to solve your problem, ask questions. 

üëâ If you know how to use chat gpt effectively, you can save you a lot of time and efforts. 

üòÑ Save it for later!


 #hacking #ethicalhacker #ethicalhackers #cybersecurity #cyber #infosec #kalilinux #linux  #programming  #technology #security #hackerman #pentesting #hacked #malware #cybercrime #cyberattack #coding #cyber #hackerspace #anonymous #python #informationsecurity #cybersecurityawareness #hackingtools #programmer #tech",626,,7,,Carousel
"Data Breaches: Last one is the biggest one 

3 Bigggest Data Breaches of 21st Century üë®‚Äçüíª 

Hashtags: 
#databreach #cybersecurity #datasecurity #dataprotection #privacy #infosec #security #cyberattack #cybercrime #informationsecurity #hacking #malware #phishing #cybersecurityawareness #hacker #ransomware #dataprivacy #technology #hackers #data #cyberattacks #cyber #encryption #gdpr #tech #cloud #cloudsecurity #personaldata #hacked",483,4780.0,10,4780.0,Reel
"This is how hackers remotely control any Android device 

Stay One Step Ahead of hackers:
Be cautious of using USB cables from unknown sources.
Regularly update your Android phone's software.
Install reputable antivirus and security apps.
Avoid charging your phone with untrusted charging stations.

Share this reel with your friends!

#cyberawareness #hacking #hackers #cybersecurity #hack #kalilinux #linux #programming #infosec #technology #hackerman #pentesting #coder #coding #cyber #hackerspace #anonymous",746,5173.0,17,5173.0,Reel
"Learn Hacking using AI üë®‚Äçüíª

Comment below if you found this helpful üëá

#hackers #hacking #hacker #cybersecurity #ethicalhacking #hack #kalilinux #linux #ethicalhacker #programming #infosec #technology #security #hackerman #pentesting #hacked #malware #cybercrime #cyberattack #coding #cyber #hackerspace #anonymous #python #informationsecurity #cybersecurityawareness #hackingtools #programmer #tech #hackerindonesia",711,,22,,Carousel
"""üîêüíª Protect Your Online Security! 

Have you ever wondered what a bad hacker can do if they have your personal information? üïµÔ∏è‚Äç‚ôÇÔ∏èüîç

A Bad Hacker or Black Hat hackers have the ability to easily gain access to your smartphone, laptop, computer systems, networks, and even personal photos and contact lists. 

Follow me to learn valuable tips and tricks to protect yourself from hackers. 

Hashtags:
#hackers #hacking #hacker #cybersecurity #ethicalhacking #hack #kalilinux #linux #ethicalhacker #programming #infosec #technology #security #hackerman #pentesting #hacked #malware #cybercrime #cyberattack #coding #cyber #hackerspace #anonymous #python #informationsecurity #cybersecurityawareness #hackingtools #programmer #tech""",623,6691.0,21,6691.0,Reel
"Happy folks and happy swags!!!! 
Thanks to @imniksri & @art71.17 

Just a quick reminder, attend @bsidesahmedabad, it‚Äôs India‚Äôs one of the finest cyber security conference. 

Crazy speakers to be revealed soon. 
Stay tuned. 

#infosec #cybersecurity #ethicalhacker #ethicalhacking #cybersecurity #cybersecuritynews #bsides #bsidesahmedabad",288,,3,,Photo
"How many of you remember this legacy?  Watch till end to see the result. 
Art by @kubera_kunal
#iwritecode #hiteshchoudhary #sakshamchoudharyofficial  #programmer #programming #computerscience #java #python #cprogramming #javascript #react #nodejs #infosec #hacking #computers #computerengineering",331,2189.0,23,2189.0,Reel
"üëÄ
 
#trendingreels #instagood #explore #reelitfeelit #2pac #alleyesonme #alleyesnorth",179,798.0,0,798.0,Reel
"We are living proof that when human beings have the courage and commitment to transform a dream into reality, there is nothing that can stop them. Dubai is a living example of that.
#burjkhalifa #dubai #uae #explorepage‚ú®",357,1060.0,7,1060.0,Reel
"So‚Ä¶i was having a bad day today due to some PC crash since i was diggin in AR VR via Unity last night. Suddenly I realised that i have a gift to open up coming straight from my friend in Isreal Tzvika Shneider, true spartans in API security - Pynt!!!!! This really helps :) 
#israel #telaviv #peopleoftelaviv #pynt  #apisecurity",73,816.0,1,816.0,Reel
"Every next level of your life will demand a NEW YOU.
#sakshamchoudharyofficial",208,,4,,Photo
"Ensuring happiness on the faces of my dear students whenever i go on the stage. 
Me bohot khush kismat hu jo mujhey aap logon ka pyar dil kholkar milta raha hai. Aagey bhi me ese hi sab ka dhyan rakhta rahunga ‚ù§Ô∏èüôè
#strongertogether #computerscience #computerengineering",205,,5,,Carousel
"Ready to revolutionize üåÄ your web üåê development game? Say hello to Tailwind CSS! With its endless customization options and pre-made classes, creating beautiful websites has never been easier. From responsive design to CSS shortcuts, this reel has it all. Watch now to discover the magic of Tailwind CSS and level up your web design skills today! #TailwindCSS #WebDevelopment #CSSShortcuts #ResponsiveDesign #WebDesignTips #StreamlineYourWorkflow""",94,560.0,4,560.0,Reel
üë®‚Äçüíª The Ultimate Showdown: JavaScript vs PHP! Which language is better for making websites more interactive and engaging? üí• Find out now! And did you know you can use both JavaScript and PHP together to create even more powerful web applications? ü§Ø Share your thoughts in the comments below! #JavaScript #PHP #WebDevelopment #InteractiveWebsites #WebDesign #ProgrammingLanguages #WebApps,151,1060.0,3,1060.0,Reel
"Diving into the world of #Docker and loving every second! üòç Whether you're a developer or sysadmin, Docker simplifies containerization and streamlines workflows. Check out my latest Reel to learn more! üöÄ #DevOps #Containerization #TechieLife #CodeNewbie #ProgrammerHumor #ITGeek",176,1885.0,7,1885.0,Reel
"Heartbreaking news for CashApp lovers! 

#cashapp #cashappgiveaway #cashappday #cashappme #cashappblessing #cashappflipps #tech #sanfrancisco",183,1186.0,1,1186.0,Reel
"Speaking to inspire, educate and empower.
What an amazing session it was last evening with @sakshamchoudharyofficial 
Filled with lots of knowledge, ideas and goodies üòâ.
#hackitsapiens #his2023",308,,12,,Carousel
"Enjoy life :) 
#motivational #motivation #enjoylife #kobebryant #shaq #motivationalreels #reels #reelsinstagram #dubai #technologypark #dubaitechnology",171,1221.0,2,1221.0,Reel
"Get ready to witness creativity, enthusiasm and dynamic brains at @hackit_sapiens . 
I am excited to announce that i will be joining you all as a judge in this event at Poornima College of engineering on 14th April. 
See you all there üòÅ

#hackathon #jaipur #poornimacollege #poornimacollegeofengineering #arvr #cybersecurity #iot #aiml #rajasthan #india #explore",243,1923.0,2,1923.0,Reel
"He who has overcome his fears will truly be Aristotle! 

#skydiving #skydivers #skydiveamazing #skydivinggram #skydivegram #skydive #skydivers #skydivedubai #skydiveaustralia #tandemskydive #dubai",121,,2,,Photo
"1 kadak walk lo Dubai mall me, going back to my studio üé•for recording Linux üêßseries from this Friday üóì7th April 2023. 
Excited to resume Linux series from my new studio. 
üòÅüòéLot of updates are in the queue, i will tell you all everything time to time‚Ä¶.enjoy my üö∂walk till then from @thedubaimall by @emaardubai üòâ

#youtube #dubai #dubaimall #emaar #shopping #travel #vacation #walk",140,836.0,2,836.0,Reel
"If you know who he is, tag him. 
Hahahaha ü§£

#jaipur",472,,14,,Photo
"Don‚Äôt know, don‚Äôt care.

#museum #dubai #dubaiüá¶üá™ #dubailife",295,,3,,Photo
"Those who don't jump will never fly üïäÔ∏è
.
.
#skydiving #dubaiskydive #skylovers #skydivinggram #skydivers #skydiveamazing #skydivegram #palmjumeirah #palmjumeirahdubai #palmjumeirahüå¥ #palmjumeriahisland #adventure #adventurenthusiasts #adventuretime #adventureseeker #adventuresport",331,1784.0,11,1784.0,Reel
"Next stop : Earth üåç
@skydivedubai 
#skydive #skydiving #skydivedubai #skydivedubaipalm #adventuresports #skylovers #skyphotography #dubaiüá¶üá™ #dubailifestyle #dubaiphotography",238,1229.0,2,1229.0,Reel
"Work until you feel Dubai is cheap üá¶üá™

#dubai #dubaiüá¶üá™ #dubailife #dubaimarina #dubaitrip #dubailifestyle #dubaidowntown #dubaiskyline #dubaicity",368,,6,,Photo
"Prior to 2010, the Burj Khalifa height had been kept a secret in order to prevent it from being surpassed by potential competitors. You can watch the sunset twice from the Burj Khalifa, once from a lower floor and then again from the observation deck!

#burjkhalifa #burj #dubai #uaeüá¶üá™ #uae #travel #explore #travelphotography #burjkhalifadubai #burjkhalife",473,,5,,Photo
"The Arabic calligraphy on the building consists of three quotes: 
- ‚ÄúWe may not live for hundreds of years, but the products of our creativity can leave a legacy long after we are gone.‚Äù 
-‚ÄúThe future belongs to those who can imagine it, design it, and execute it.‚Äù 
- ‚ÄúThe future does not wait.

#museumofthefuture
#dubai #dubailife #dubailifestyle #dubailifestyle #dubailiving #dubaitrip #dubailife #dubaidowntown #dubaitourism",382,,13,,Photo
"Security is a myth!!! In action At the live hacking event of @gisecglobal 

#hacking #cybersecurity #ethicalhacker #informationsecurity #livehack #gisecglobal",508,,16,,Carousel
"One of the best exposure for Cyber Security at @gisecglobal üë®‚Äçüíªüë®‚Äçüíª
Pc -@shakti0369 
#hacking #ethicalhacker #cybersecurity #gisec #dubai #informationsecurity #linux #kalilinux",305,,3,,Photo
"Me after cracking üë®‚ÄçüíªOSCP, enjoying vacations in Dubai! üòç
#gisec #dubai #ethicalhacker #cybersecurity #vacation #hacking #oscp #kalilinux",310,2755.0,14,2755.0,Reel
"Mentorship and guidance is something that‚Äôs not easy to find but once you get it walking on that path is not easy. You will doubt in between but when results show up, you will love it. 
OSCP is among one of the toughest exam in hacking world. It‚Äôs a 48 hour continuous grind and clearing it in one attempt is not easy. 
Mentorship is not writing every line of code or showing every technique by hand. It‚Äôs about keeping you on track, make YOU to learn. 
Ultimately it‚Äôs your success that feels a teacher happy. 

Congratulations Saksham Choudhary , another one, many more to go.",2252,,37,,Photo
"""The best way to predict your future is to create it."" - Abraham Lincoln 
#sakshamthecomputerguy #jaipur #jaipurdiaries #jaip",434,,3,,Photo
"Welcome to Jaipur! 
With Synack Red Team #1 @imniksri & CEO of CredShield @shashankin22 
.
.
.
@thesynackcrowd
.
.
.
.
.
.
@cobalt_io",343,,3,,Photo
"Look deep into forest and then you will understand everything better. 
.
.
.
.
#forest #himalayas #mountains #nature #india #himachal #pulga #fairyforest #vacation #explore",463,,8,,Photo
"Proud moment for üáÆüá≥ India on launch of Vikram-S rocket üöÄ @isroindiaofficial
1st ever private rocket of India ‚ú®
#isro #rocketlaunch #india",404,2443.0,0,2443.0,Reel
"India will be a golden player in Digital-era, what do you think? üáÆüá≥
.
.
.
#google #googleindia #cloudcomputing #gcp #googlecloud #cloudcomputing",591,,5,,Carousel
"ü™îü™îü™îHappy Diwali from your friendly neighborhood techies, @hiteshchoudharyofficial & @sakshamthecomputerguy ü™îü™îü™î
.

.
#diwali #hiteshchoudhary #sakshamthecomputerguy #iwritecode #programmers #cloud #devops #computerscience #informationsecurity",3757,,25,,Photo
"A very familiar face and a guy who has won so many hearts with great content on YouTube @anuj.kumar.sharma , had a great time meeting you ‚ú®üòÅ 
#youtube #anujbhaiya #tech #programming #google #technology",604,,5,,Photo
"Hey @google at @googleindia :) 
#google #googlecloud #googlecloud #googlecloudnext #cloudcomputing #googlecloudplatform",526,,4,,Photo
"@googlecloud Next 2K22 :- Had a great time in joining  round table discussion with Senior Vice President at Google :- Mr. Urs Holzle ‚Ä¢Prashanth sir, Developer Advocate at Google ‚Ä¢@karthik_padman, developer relations at Google, ‚Ä¢ Mr. Rajat Pandit, Head of Google Cloud, Custom Engineering, ‚Ä¢ @pvergadia aka The Cloud Girl yayy üòÅ, it‚Äôs an honour to meet with such wonderful, experienced and ace techies from @google where every second spent with them is a great learning and inspiring for me. 
One thing is for sure, Google Cloud Platform is a great way to unlock a new power of Tech in everyone‚Äôs life, having a round table with us to make gcp better is a clear example that how much google  care for anyone who is a part of google community by any means as a team or even a user, i admire the great culture of giving efforts to give growth to our GCP community :) #gcp #googlecloudnext  #googlecloudplatform #googlecloud #cloudcomputing #google #googledevelopers",794,,25,,Carousel
"A sneak peak of an amazing @googlecloud event today. 
#googlecloud #googlecloudplatform #googlenext #cloudcomputing #bengaluru #googleindia #googledevelopers #googletrends",581,4868.0,13,4868.0,Reel
"Hello Instagram family, 
Continuous efforts to master cloud is still on the go, i have cracked down another one of the toughest examination of AWS SysOps today. 
With this now i am 4xAWS. 
#aws #cloud #sysops #cloudcomputing #cloudengineer #awscertified #awscommunity #awscommunitybuilder",283,,8,,Photo
"Fourth one in a row and this was big one. @sakshamthecomputerguy is now officially #aws certified #sysops admin. 4xAWS
Nailing it down in #devops world. 

https://hc.lco.dev/devops",3208,,66,,Photo
"When old connections unite, talks are 100% spiced up to keep em confidential. In the frame with Synack Red Team legend & Lead Pentester at @cobalt_io - @imniksri 
Big reveals coming soon, stay raw & keep pawning! 
#hacking #informationsecurity #redteam #cybersecurity #informationsecurity #pentesting",269,,1,,Photo
"Kese rokoge janta ke pyar ko? Aap hai to ham hai ‚ô•Ô∏è
#sakshamthecomputerguy",246,,5,,Photo
"They are the reason why i feel like home whenever i come to Ahmedabad. Had great time with Niks aka @imniksri & @dipenwadhwa. Looking forward to see @bsidesahmedabad expanding to the next level! 
#ahmedabad #cybersecurity #informationsecurity #ethicalhacking #bugbounty #infosec #bsides",405,,5,,Photo
"United states Army Reserve & Security veteran that is doing so much for #infosec community. 
Great after party discussion with everyone‚Äôs favorite The Cyber Mentor aka Heath Adams  about #informantionsecurity  scenerio globally at Security BSides Ahmedabad 
#hacking #ethicalhacking #cybersecurity #india #cybersecurityexperts #youtubers #youtubeindia",554,,6,,Photo
"When it‚Äôs Jaipur, going to farm with familia mates is a rejoice! 
#jaipur #horse #horsepower #horseriding #horsesofinstagram #horselover #farmhousestyle #vacationhome",227,2132.0,7,2132.0,Reel
"Having a great time at incubation centre of @jecrcuniversity. Dynamic minds are writing the future of India üáÆüá≥ 
#jaipur #jecrcuniversity #technology #programming #hackathon #iwritecode #programmerslife",388,,2,,Carousel
"Mr. Saksham Choudhary, Cyber Security Lead, iNeuron at Tech-A-Thon interacting with the audience.

.

.
#JECRC #JECRCuniversity #ineuron #Hackathon #Coding #Jaipur #Rajasthan",399,,1,,Photo
"Free Registration Link: https://hackathon.ineuron.ai/techathon2.0
LAST DATE of REGISTRATION - 14 Sep 2022
JECRC university: https://jecrcuniversity.edu.in/
ineuron Website: https://ineuron.ai

About Event:
Tech-A-Thon 2.0 
Date: 17 Sep 2022 (Saturday) from 11 AM to 18 Sep 2022 (11 AM) , i.e. 24 hrs
Venue: Auditorium, JECRC University, Jaipur Rajasthan
Eligibility: Anyone with passion for programming. No Entry FEE.
Prizes: 2L, 1L, 50k for top three.",257,3944.0,1,3944.0,Reel
"Whether you are a programmer or non programmer, start your #devops journey today.  @ineuron.ai
Click here to enroll in Devops pro course :-@ineuron.ai_official @sudhanshu902203 @hiteshchoudharyofficial @rakeshrhcss  https://hc.lco.dev/devops
Use coupon code HITESH10 for 10% discount.
https://lnkd.in/d84gUaR3

#devops #devopsengineer #cloudcomputing #awscertified #awsarchitect #cloudcertification",247,2208.0,2,2208.0,Reel
"Faith has to be exercised  in the midst of ordinary.
#devopsengineer",277,,2,,Carousel
"Thank you for such an amazing click @heyimwish : Media Team Head of @ineuron.ai. 
Quick update :- My next stop is @jaipur at @jecrcuniversity",213,,1,,Photo
"Awesome vibes of I write code with @mahatmaji_technical and students of @lpuuniversity, talented programmers at Tech-A-Thon by @ineuron.ai 
#punjab #youtubers #programmers #iwritecode #computerscience #cse #lovelyprofessionaluniversity #lpuuniversity",180,,1,,Photo
"This much of love ‚ù§Ô∏è and respect üôè from the students of @lpuuniversity, i am very thankful to be a part of this hackathon by @ineuron.ai. This rumble and roar from the students is always going to be a memorable memory for me :)",184,,5,,Photo
"Energy check at @lpuuniversity @scse_lpu in Hackathon by @ineuron.ai - Bohoooooooot OP! 
#lovelyprofessionaluniversity #lpu #lpuuniversity #lpudiaries #punjab #programmer #devops #ineuron  #computerscience #hackathon",403,4840.0,6,4840.0,Reel
"From freshman days to BH1 hostel, it was indeed a long and crazyyyyyyyy journey! Thank you @lpuuniversity @scse_lpu for such a warm welcome, you‚Äôve been one of the most amazing and electrifying üòç 
#lovelyprofessionaluniversity #lpu #lpuuniversity #punjab #computerscience #hackathon #programmer #programming",321,,2,,Photo
Had a great day at Punjab today with @hiteshchoudharyofficial @navinreddyofficial @mahatmaji_technical @5minutesengineering @karangupta2103 @rawalharsh9 @heyimwish . All set to have a great tech-a-thon by @ineuron.ai at @lpuuniversity @scse_lpu,269,1689.0,3,1689.0,Reel
"Punjab vibes! 
#haveli #lpu #punjab #jalandhar #phagwara #lovelyprofessionaluniversity #instagood #instadaily",274,,0,,Photo
"Hello Connections,
I am happy to announce that now i am AWS Certified DevOps Engineer, i cleared this exam in one shot but one shot is required a lot of learning in right direction.
More amazing content related to what all you need to crack it down is coming soon for my connections, let's do this :)
#devops #aws #engineer #cloudcertification #cloud #cloudcomputing #cloudformation #cloudengineering #cloudarchitect #cloudpractitioner #devopscommunity #devopsengineer #devopsworld",198,,13,,Photo
It‚Äôs magic on stage :) ‚ú®,139,1446.0,2,1446.0,Reel
"I am happy to announce that we are about to start the Campus  Hackathon series.
And our first hackathon is finalised with LPU, Punjab.
So I request you all to make a dedicated promotional video for this.
See you @lpuuniversity on 3rd September 2022
#hackathon #lpu #ineuron #lovelyprofessionaluniversity #computerscience #punjab #programmers",99,787.0,0,787.0,Reel
Always a fan of @jblindia products!,118,,0,,Photo
"Calling programmers of Punjab! 
Register now by Visiting :- https://hackathon.ineuron.ai/techathon

Prizes:
1st prize => Rs. 2,00,000 CASH
2nd prize => Rs. 1,00,000 CASH
3rd prize => Rs. 50,000 CASH

Date: 3rd September, 2022 - 4th September, 2022
Venue: Lovely Professional University
Time: 10:00 AM (3rd September) - 10:00 AM (4th September)
#punjab #lovelyprofessionaluniversity #computerscience #iwritecode #ineuron",77,,1,,Photo
"Experience tells you what to do, confidence allows you to do it! ‚ú®üáÆüá≥
#india #education #computerscience #technology #programming #iwritecode #speaker",273,,5,,Photo
The only journey is journey within!  #harleydavidson #harley #bike #bikelovers #bikeride #harleydavidsonmotorcycles #harleydavidsonindia,370,,3,,Photo
"Punjaaaaaaaaaaab, i am coming soon! 
Spread the word.... 
Big reveals coming soon! 
#punjab #programmers",224,,2,,Photo
"Discipline & Hard work are 2 basic fundamentals to crack any exam. 
After Cloud Architect, i am delighted to share that i have successfully cracked another examination of AWS Cloud Practitioner
 #aws #cloud #awscloudpractitioner #cloudcomputing #cloudcertification #cloudjourney #cloudinfrastructure",169,,7,,Carousel
"Joy of little things in life üçÅ
Yessss, i am lucky & loved @ineuron.ai :)
with @hiteshchoudharyofficial @sudhanshu902203 @mahatmaji_technical @heyimwish @arvind.aroraj
#ineuron #squad #bengaluru #edtech #ai #datascience #programming #digitalmarketing #cybersecurity #tech #technology #programmers #india",380,,4,,Photo
"Finally another exam üìã cleared, 
All time learning üìö keeps me alive in Tech-town! 
Finally, ‚ú® i have achieved  AWS Certified Solutions Architect - Associate Certification. 
‚òÅÔ∏èCloud is something that i am exploring with zeal these days! 
#aws #cloud #cloudcomputing #awscertification
#awscertified #awscertifiedsolutionsarchitect #certified #amazon #tech #cloud #cloudcomputing #programming  #technology",272,,19,,Carousel
"Happy Birthday day baday bhaiya! 
Ps :- Only i have a lot of unique picture in my vault üîê of us together ‚ú®
#hiteshchoudhary
#iwritecode 
#brother",670,,18,,Photo
"A game for #ethicalhackers : Watch Pre-requisite, tips and tricks to win it | Free video in 4K. Watch now! [Link in bio]
Follow me for more free & informative content. 
#ethicalhacking #cybersecurity #hacking #cybersecurity #kalilinux #hackerone #ctf #bugbounty #bugbountytips #youtubers #youtube #informationsecurity",164,,1,,Photo
"Playing CS : GO these days, Check my Sick Ace with AWP! 
I use to to play Counter Strike 1.6 quite a lot but left playing due to work. Trying new games these days. 
How's it? 
#counterstrike #counterstrikeglobaloffensive #counterstrikego #counterstrikecsgo #counterstrikeonline #csgo #gaming #gamingpc #gamingcommunity #gamingsetup #gamingroom #gaminglife #gameofthrones #chillvibes",71,1003.0,3,1003.0,Reel
"With all your love and support, i am happy to announce that now i have started to deliver in 4K on my YT channel that is SakshamTheComputerGuy. 
I look forward to serve you all with more quality content ‚ú®",121,,10,,Photo
"Extremely delighted and fortunate to be one of the pillar of Tech-Avengers @ineuron.ai with @mysirg @navinreddyofficial @hiteshchoudharyofficial @krishnaik06 @mahatmaji_technical @sudhanshu902203 @5minutesengineering ‚ù§Ô∏è
Our moto is simple, Highest in quality & affordable in price at iNeuron.ai. 
#programming #youtubers #cybersecurity #ineuron #tech #techavengers",145,,1,,Photo
"Good company in a journey makes the way seem shorter.
Your friendly neighborhood programmers in the frame!",317,,5,,Photo
"In the crazy weather of Jaipur today! 
#harleydavidson
#harleydavidsonmotorcycles #bikeride #jaipur #nhargarh_fort #india #ethicalhacker #cybersecurity",225,,9,,Photo
"Welcoming my new 4K UHD Monitor 32 Inch! 
.
.
.
.
#4k #deskinspiration #desktour #deskdecor #desksetup #apple #msi #msigaming #samsung #programming #ethicalhacking #cybersecurity",146,1410.0,5,1410.0,Reel
"@mahatmaji_technical taught me if you want to stay happy then stay happy, as simple as that! 
So fortunate to have a mentor like you üíñ",248,,2,,Photo
"Ask not what your country can do for you, ask what you can do for your country üáÆüá≥
Check in for nation at National academy of customs, Indirect taxes and Narcotics.
#ethicalhacker #ethicalhacking #cybercrime #cybersecurity #infosec #informationsecurity #linux #jaipur #india #narcotics",261,,3,,Photo
"Minimal setup theme! 
#deskinspiration #desktour #desk #deskdecor #imac #programming #computerscience #officetable #officedecor #officedesign #apple #youtubeindia #youtubecreator #youtube #instadaily #explore #instagood #reels",120,1646.0,5,1646.0,Reel
"Master desk setup!
#desksetup #deskdecor #computer #computerscience #programming #youtube #youtubeindia #explore #instadaily #apple #desk #desktour #deskdecor #deskinspiration",199,4849.0,3,4849.0,Reel
"Spotlights must agree, that i am show you gotta see. 
#travel #photography #nature #trees #instadaily #explore",267,,4,,Photo
"Just 2 words ,:- SHAQ^STYLE
#basketball #shaquilleoneal #shaquille #nba #basketballüèÄ",120,2156.0,3,2156.0,Reel
"E Waste Problem : SM1
What do you think SM1 stands for? 
#ewaste #recycle #electronics #mobile #computerscience #computer #technology #gadgets",84,702.0,1,702.0,Reel
"Players of ""Internet for everyone""! 
#elonmusk #starlink #microsoft #google #internet #programming",144,879.0,1,879.0,Reel
"Do you know what is Xenobots? 
#xenobots #robot #robotics #robots #ai #supercomputer #technology",174,1304.0,4,1304.0,Reel
"Can we just follow the sun? 
Take it back to where this all began,
Coz we're out here on our own.",202,,2,,Photo
"Microsoft confirms 'Follina' office Zero-Day Vulnerability!!!! 
#hacking #ethicalhacker #ethicalhacking #cybersecurity #cyberawareness #vulnerability #microsoft #zeroday #windows #explore #instadaily",178,6593.0,2,6593.0,Reel
"My email data was compromised by Zomato, Canva, Big Basket, Zoomcar etc.
What's the status of your email id? 
Check haveibeenpwned.com
#ethicalhacker #cybersecurity #informationsecurity #kalilinux #databreach #emailsecurity #security #instadaily #explore",171,1789.0,5,1789.0,Reel
"Add Cyber Security Masters ISO 27001 certification to your resume & boost your career in Ethical Hacking with world's most comprehensive Cybersecurity curriculum in the most affordable price.
‚úÖ Internship to best performers
‚úÖ1:1 personalized mentorship
‚úÖ Doubt clearing through skype & mail as per your ease. 
‚úÖ Basic to advance 
‚úÖ ISO 27001 Govt. Approved CSM Certification
‚úÖ 3 Months program
‚úÖ Live teaching every Saturday Sunday from 3:00-6:00 PM 
‚úÖ Saturday - Sunday doubt solving from 6:00 to 8:00 
‚úÖ Assignment & Quizes
‚úÖ Resume building 
‚úÖ Career guidance
‚úÖ Interview preparation
‚úÖ Job fair & internal hiring
****Limited seats as per availability, Fill the form to book your spot and get additional 10% discount****
#cybersecurity #ethicalhacking #informationsecurity #bugbounty #hacking #ethicalhacker #hacker #infosec #cybercrime #malware #systemsecurity #privacy",9948,81451.0,34,81451.0,Reel
"With the founder of @hashnode Mr. @fazlerocks sir , honoured to meet him in person üë®‚Äçüíª‚ú®",270,,7,,Photo
"Hello ji, This is @lovebabbar1 with @sakshamthecomputerguy at @ineuron.ai :) üíª
#lovebabbar #programming #softwaredeveloper #competitiveprogramming #placementpreparation #amazon #ineuron #unitedweteach",470,,18,,Photo
"Choice of millionssssss @mahatmaji_technical  in the house of CyberSec at @ineuron.ai 
What a fantastic and humble person he is ‚ù§Ô∏è
#mahatmajitechnical
#youtube #youtubeindia #unitedweteach 
.
.
.
#ethicalhacking #hacking #cybersecurity #infosec",787,,8,,Photo
"Front page blast nationally on Sunday morning by LCOOOO!!! 
It took us so many years to take Learncodeonline to next level but there is no looking back now with all your love and support.
That's why i moved to Bengaluru! 
@dainikbhaskar_ @rajasthan_patrika 
#lco #ineuron #iwritecode #dainikbhaskar #patrika #jaipur #india",503,,24,,Carousel
"Some more youtubers in the frame with crazy vibes at Bengaluru! 
#programming #namastejavascript #javascript #systemdesign",364,,4,,Photo
"One with the OP Programmer @mysirg üë®‚Äçüíª
#mysirji #programming #cprogramming #java #python #java #cplusplus #php #phpdeveloper #iwritecode",410,,1,,Photo
"Hello Aliens mode today at Bangalore with @navinreddyofficial 
#navinreddy #telusko #bangalore #youtube #programming #java #python",577,,11,,Photo
"It's time to celebrate the success of LCO üéâ
#farmhouse #jaipur #rajasthan",941,,6,,Carousel
"Yes it's official, we at learncodeonline are now expanding with more power ‚úÖ
Good news, straight from the learncodeonline.
Let's take it to the next level. Thanks for all your love and support.
 @hiteshchoudharyofficial
#lco #iwritecode",188,,4,,Photo
"Happy international day of happiness!  Glance of tattoos in shades üòé
#happyinternationaldayofhappiness
#tattoo",340,,7,,Photo
"Ever wondered, how big tech giants are playing with gesture technology? 
#gesture #gesturetechnology #apple #samsung #appleiphone #android",109,1909.0,3,1909.0,Reel
"Edge computing vs cloud computing! 
Which one do you think is better? 
#edgecomputing #cloudcomputing #cloudtechnology #azure #aws #googlecloud",166,2420.0,4,2420.0,Reel
#hologram #holographic #ironman #avengers #starwars #apple #reels,109,945.0,3,945.0,Reel
Moore's law | Intel Technology,111,996.0,5,996.0,Reel
"What is blockchain & it's applications! 
#blockchaintechnology #cryptocurrency #crypto #technology #computerscience #computerengineering #bitcoins #ethereum",145,1344.0,4,1344.0,Reel
"Wearable technology is here! 
#technology #fashion #clothing #instagood #instafashion #fashionstyle #fashionista #technews #technologynews
#engineering",117,988.0,2,988.0,Reel
"What are Quantum computers? 
#quantumcomputing #computerscience #technology #programming #computerscience #computer #computerengineering #technology",297,3439.0,6,3439.0,Reel
#hiteshchoudhary #blessings #gratitude,1033,,33,,Photo
Cheer for my brother ‚ù§Ô∏è,1052,,36,,Photo
"Hello folks,
Happy Diwali 2021 from your friendly neighborhood programmers. 
Like always, mandatory Diwali post is here.
#programmer #programming #hiteshchoudhary #sakshamthecomputerguy 
#diwali #india",886,,46,,Photo
"Reels are happening! 
Liking these experiments. 
Subscribe SakshamTheComputerGuy on Youtube for more.
.
.
.
.
#ethicalhacker #ethicalhacking #youtubeindia #explore #reels #instagram #tutorial #thecybercouncil",476,7815.0,9,7815.0,Reel
"My game changer in Pandemic.
#youtubecreatorawards #silverbutton #youtube #youtubeindia #informationsecurity #thecybercouncil",346,,6,,Photo
"Every day brings new choices.
#guitar",465,,3,,Photo
Any sufficiently advanced technology is equivalent to magic!,333,,3,,Photo
11.12,464,,3,,Carousel
"What a day after getting this. 
Supporting my friend @tycchi_  for her new startup @thetoonstore. 
Crazy art, stickers and anything related to designing!
#graphicdesign #graphicdesigning #graphicdesigner #caricature #toon",416,,2,,Photo
"Happy Diwali from your friendly neighborhood programmers. üë®‚Äçüíª
#lco #iwritecode #computerguy",830,,21,,Photo
"It was an honour to work with Custom Officers for cracking evidences of Gold Seize Case worth in crores at Jaipur Airport. 
#forensicscience #forensic #informationsecurity #ethicalhacking #hacking #jaipur #cybersecurity",311,2624.0,8,2624.0,Reel
"Well, this is big!!!! 
My face got featured on the official page of @9gag 's account last night.
They have crazy following of 53.9 Million.
#ethicalhacking #informationsecurity #infosec #cybersecurity #hacking #hackerslife #penetrationtesting #bugbounty #hacker #hackers #hack #hack",185,2002.0,2,2002.0,Reel
"My much awaited interview on @abpnewstv about hacking is here. Follow the link if you missed it :- https://youtu.be/-2YVW5-Lmbg

.

.
#hacking #ethicalhacking #infosec #informationsecurity #bitcoin #twitterhack #ethicalhacking #hackerslife #abpnews #learncodeonline #cybersecurity",446,,6,,Photo
Tuning live at @redfmindia  from 3:00 to 4:00 PM today about Bill gates & @barackobama's twitter hack.,346,,1,,Photo
"Thanks for the love & support for LearnCodeOnline app ‚ù§Ô∏è
100,000 downloads complete.",222,,5,,Photo
"Who says that programmers cannot slay üòâ
#programming #iwritecode #lco",628,,9,,Photo
"This is a code power world!
#iwritecode #learncodeonline #iteachcode 
#hacking #informationsecurity #infosec",550,,5,,Photo
"Escape the ordinary. Do ya thing B!
Few days back at UP.
#hacking #infosec #learncodeonline #lco #iwritecode",577,,1,,Photo
"2 years back to back for Microsoft Student's Chapter. 
#hackathon #judge #programming #development",778,,10,,Photo
"In the headlines, right from UP!",471,,5,,Photo
"If he can show up to learn in between 100's of normal students and can beat them, why can't you?
#iwritecode #lco #learncodeonline #infosec #ethicalhacking @hiteshchoudharyofficial",908,,7,,Photo
"Thaparrrrrr, see you tomorrow! #hackathon #makeathon #microsoft #microsoftstudentchapter #judge",383,,3,,Photo
This one is for India's biggest Data Center.,484,,2,,Photo
New hiring done today with @hiteshchoudharyofficial .,773,,14,,Photo
"After session glimpse,
Result of excellency. ‚ù§Ô∏è
#ethicalhacking #infosec #cybersecurity #learncodeonline #programming #iwritecode",586,,3,,Photo
"That's how we rolled at BKBIET, Pilanj. 
It was an electrifying audience and a big shoutout for @fest.ordinado  for hosting this talk.
#ethicalhacking #infosec #cybersecurity #lco #iwritecode #informationsecurity",150,1529.0,0,1529.0,Reel
Tomorrow...,198,,0,,Photo
"Jampacked & happy moments...back to back. 
Next stop : @bkbietpilani_official , Pilani.",351,,0,,Carousel
"A gentleman inspires others to dream more, learn more, do more & become more. 
#jaipurdiaries #gentlemanstyle #formaldresses #lco #infosec",581,,3,,Photo
"Honoured to give training here from so long & everytime i realise that patriotism is not short, frenzied outbursts of emotions but the tranquil and steady dedication to make your country better. 
#narcotics #indianpolice #indiangovernment #taxes #infosec #hacking #informationsecurity #ethicalhacking",932,,7,,Photo
"Whatever is good for your soul, do that!
#phuket #instafashion #instagood #instalike #instadaily",606,,7,,Photo
Rise n shine ‚ú®,378,,2,,Carousel
".class
You define me üòâ
#code #programming #learncodeonline #iwritecode",581,,4,,Photo
Another session delivered with grace...,488,,1,,Photo
"Rolling at beautiful Assam today!
#infosec #learncodeonline #hacking #informationsecurity #ethicalhacking #assam",685,,2,,Photo
,481,,2,,Photo
Make people believe what you believe!,432,,3,,Photo
"It was a great talk at IIIT, Gwalior & the audience were super pumped up! Thank you for such respect, response & hospitality by @ecell_iiitm team.
Next stop : IIT Jodhpur!",320,,6,,Photo
"One wrong click is all you need!
#justahackerthing #hacker #hackerthings #instafashion #youtubeindia #youtube",381,,0,,Photo
"When you do what you love!
#youtubeindia #youtube #youtuber #hackerthings #hacker #technology #instafashion #fashionblogger",396,,2,,Photo
"Happy Diwali greetings from your friendly neighborhood programmers! 
#lco #learncodeonline 
Still in grey :P",870,,20,,Photo
"Code can't lie, comments can. #justaprogrammerthing
#iwritecode",453,,4,,Photo
I realised that so many people are living their fears instead of dreams!,454,,5,,Photo
#reset,406,,3,,Photo
I gotta 99 probs but caption ain't 1 üòâ,462,,11,,Photo
Years of insanity has made this guy crazy! üî•,517,,4,,Photo
Learning is the eye of the mind üòâ,339,,5,,Photo
"Back in India with this beast machine!
New iMAC 27', Now let's roll the introssss!!!! üòéüë®üèª‚Äçüíªüé•",564,,8,,Photo
"@harleydavidson, phuket! #street750",353,,2,,Photo
"You don't take trips,
Trips take you.",373,,0,,Photo
"Can't nobody tell me nothin'
You can't tell me nothin'",423,,4,,Photo
Work like a lion & live life king size! üòé,335,,1,,Photo
"Work hard & own the Spotlight! 
#illuzion #party",335,,4,,Carousel
Childhood is the kingdom where nobody dies! üòé,384,,0,,Photo
"If you can park it and not look back as you walk away.
You don't have a real truck üî•",493,,5,,Photo
#hardrockcafe #thailandüáπüá≠,557,,5,,Photo
"I write code so that we can write code. 
#codeforcommunity #learncodeonline #programming #lco #sakshamthecomputerguy",558,,6,,Carousel
"8th souvenir in my office from @chitkarau. All thanks to Saravjeet sir who is handling @acmciet  so nicely! Also, a big shoutout for ACM team for hosting 10 days of girllin' session (Android with Machine Learning) perfectly like always! 
Love from Chitkarians ‚ô•Ô∏è Ps :- @dhruv_chitkara you were missed üòù",519,,3,,Carousel
"Hat to warm your head, socks to warm your feet & Android Studio to warm your PC üòÇ",425,,6,,Photo
Debugging :- Being the detective in a crime movie where you are also the murderer! üë®‚Äçüíªüë®‚Äçüíªüë®‚Äçüíªüë®‚Äçüíªüë®‚Äçüíªüë®‚Äçüíªüë®‚Äçüíªüë®‚Äçüíªüë®‚Äçüíª,489,,10,,Photo
"Me kya bolta, Punjab di janta badi kent hai üíì‚òëÔ∏èüòéüòâ #machinelearning  #android",422,,2,,Photo
"You are made of oceans, you will grow in waves!",478,,5,,Photo
"Customs & income tax department it is! 
1. Knowledge can beat the age. 
2. Age is just a number.
 It feels good to be surrounded by more than 100s of officers. 
Next stop :- Chitkara University
Date :- 24th June 2019",471,,7,,Photo
"Can you see the reflection in the lens? Yes, that's how i flip the code while hacking üòâ",518,,8,,Photo
"Character. Intelligence. Strength. Style. 
That makes me gentleman!",559,,9,,Photo
"A sneak peak from morning Tech Update!
https://www.youtube.com/sakshamthecomputerguy
#techupdates #youtube",390,,7,,Photo
"I entered and it was a smile on my face with countless flashbacks & a voice came out of her ""I am sooo proud of you beta!"" Hearing this was one of the biggest achievement for me! 
She constantly pay attention to build a culture in the most classy way.
She invite, she inspire, she support countless families & students every day.
Principal like her needs to be trusted in journey of our lives! 
With this thought i must say ""Today you lead the school, tomorrow your students will lead the world with your constant support"" ‚ù§Ô∏è
A principal holding your hand like this in the journey of your life is a bliss & impossible to forget! 
#mysupportsystem #myschoolprincipal",661,,11,,Photo
"It's always a moment of pride for me to serve for my nation üáÆüá≥
Creating cyber Army of Narcotics officers at National Academy of Customs, Indirect Taxes & Narcotics.¬†
#narcotics #ethicalhacking #indiangovernment #cybersecurity #nacin #ilovemyindiaüáÆüá≥",448,,14,,Photo
One of the best things about hacking is the buzz you get when you find your way into some place you're not meant to be. üîçüíª,391,,11,,Photo
is at National academy of Customs Indirect Taxes & Narcotics. It's time to train our government bodies now ;),414,,7,,Photo
That's one of my very old but amazing candid taken by @hitesh0141 ü§ü,396,,2,,Photo
"New camera lens in the house & only 1 focus :- Youtube!!!
#nofilter #raw
www.youtube.com/sakshamthecomputerguy",335,,6,,Photo
"Be careful who you trust,
The devil was once an angel.",349,,5,,Photo
"Mystery behind all the logics :- It's all inside your head.üëÄ
Pic credits : @dhanrajaipur",341,,3,,Photo
"Thank you Sikkim Manipal, Rangpo for hosting me ‚ù§Ô∏è
After delivering a 2 days of session on InfoSec i would like to say that
""Your smile is your logo, your personality is your business card, how you leave others feeling after an experience with you becomes your trademark.""",355,,4,,Photo
"A horse doesn't care how much you know until he knows how much you care. Put your hand on your horse and your heart in your hand. 
#candid #horse #horsefarm #marwad #connection #peaceinlife",317,,1,,Photo
"Let's do this for our government again.  Ethical Hacking & Info sec at National academy of customs,  Indirect Taxes & Narcotics!!!!! That's how i contribute my love for our country. 
#ethicalhacking #infosec  #darknet #tor",338,,5,,Photo
We balance probabilities & choose the most likely. It is the scientific use of imagination.,315,,3,,Photo
"""You've been hacked"" in same style, same quote & same passion but this time with love & support of countless students all across the globe. 
Designation of co-founder at LearnCodeOnline Inc. is what i have achieved! 
#infoSec #ethicalhacking #LCO!",411,,6,,Photo
"I refuse to be ordinary, i will never settle for less than legendary üë®üèª‚Äçüíª",306,,2,,Photo
"Almost studio setup done for YouTube. Will be back real soon! 
#computerGuyIsBackHomeAgain! 
www.youtube.com/sakshamthecomputerguy",387,,1,,Photo
One fine candid from the last session. Kyuki techy stuff ke sath fun bhi hai zarooooooori! üòâ,315,,1,,Photo
"We create a family wherever we go in the most chillout & fun loving way & the name  of that family is LCOOOOOO!!!! Had a great time in Himachal, hope to see guys soon again. 
#learncodeonline #infosec #ethicalhacking #penetrationtesting",341,,1,,Photo
"If you're a show, spotlight will agree.
Had a great time in Delhi! 'll be in Himachal on this 8th & 9th. Get ready for some more action.",302,,1,,Photo
"Picture perfect with lots of hampers & love from @chitkarau 
Thank you @dhruv_chitkara  for the perfect arrangements. 
Enroute Jaipur! üòé",358,,1,,Photo
#hackathonjudge #makeathon #github @msc_tiet @tietofficial,366,,2,,Carousel
"Beautiful place & electrifying students! üî•üî•üî• Dates will be out soon.
Are you waiting for it?
HackOn in Himachal soon!",343,,7,,Carousel
"Where you see the functionality, we see the flaws in that üòâ
Let the hacking begin full power me. 
Day 1 of Chitkara University it is üî•
#hacking #ethicalhacking #infosec #lco #learncodeonline",297,,4,,Photo
"Can't ask for any more love from Chitkara University. 
It was housefull in a 2 days of workshop & we rocked the show! 
#ethicalhacking #informationtechnology #lco #learncodeonline #student'sfavourite!",329,,5,,Photo
"A good coach can change a game & a great coach can change lives! 
#hacking #infosec #informationsecurity #programming #lco #learncodeonline #python",301,,2,,Photo
"#throwback to good old college times.
Will be back to fitness mode after some mendatory traveling plans. Chandigarh > Noida > AP > Sikkim in the queue.
#imissgymtime
#detoxificationisamust 
#newkickstart",300,,5,,Photo
"Focus & keep walking! 
#infosec #ethicalhacking #computerworld #trainingsessionsüá®üá¥",267,,1,,Photo
"Bol na phir scene kya hai? üòé
#divine #nucleya
Pic credits : @sillyclay_",203,,4,,Photo
"That's one of my legendary picture of all time. 
Coming back with more info sec workshops. 
#hack #hacks #hackers #hackerman #hacking #hackintosh #infosec #informationtechnology #infosec #ethicalhacking",338,,1,,Photo
"Cheers to the forever constant bond just like Sam & Dean of Supernatural üòé
#deanwinchester #samwinchester #supernatural",362,,9,,Photo
Beard game going good as of now!,153,,4,,Photo
CELESTA 2K18 AT IIT PATNA üòé,151,,2,,Photo
#recharge,174,,1,,Photo
"Next Stop : Mumbai for next 2 days.
Let the hacking begin full power mein üòé
Tududummmmmmm ü•Å",146,,0,,Photo
"Thank you for so much love Kerala, i must say the food of Kerala is next level üòé 
See you soon üë®üèª‚Äçüíª
#infosec #hacking #cybersecurity  #lco #learncodeonline",137,,1,,Photo
"Back to back sessions on #kalilinux
After Bengaluru, Kerala is next at Amal Jyothi College of Engineering, Kottayam. 
See you tomorrow üòé",193,,2,,Photo
We write code at LearnCodeOnline.in,203,,1,,Photo
"So it was a housefull today. I apologise for those who didn't got the chance to attend my session. 
#cybersecurity #infosec #lco",143,,0,,Photo
"Final day of bootcamp at IIT Patna. It was a great experience to give the training to such a cream crowd. 
#infosec  #cybersecurity  #kalilinux  #lco  #learncodeonline",139,,2,,Photo
#Day1 : Let the hacking begin at IIT üòâ,161,,5,,Photo
"So this was one of the finest welcome, I landed at Patna & got this beautiful bouquet with someone anonymous right outside the airport. Don't know the name of this anonymous well wisher yet but thank you. 
I am at IIT Patna for next 2 days for a session on Kali Linux and Penetration testing so feel free to join. 
#InfoSecAtIIT #LCO #LEARNCODEONLINEdotIN",137,,2,,Carousel
"Just smile, it comes for free in my sessions because learning is cool. 
#infosec  #cybersecurity  #lco #learncodeonline",186,,6,,Photo
"This ppt is one of my favourite! 
I'll be traveling for some more time. Will be back on Youtube after a while. 
Workshops in coolest way üòé",141,,2,,Photo
"All about today. 
Corporate life at it's best! Research and sharing the knowledge in a practical way is what i love. Thank you for so much love. 
#infosec #lco #learncodeonline",169,,3,,Photo
"With so many smiles, learning is cool üòâ",142,,0,,Photo
I write code at www.learncodeonline.in merchandise.,170,,3,,Photo
,144,,0,,Photo
"An ounce of learning is worth pounds of happiness. 
#lco",131,,2,,Photo
"Surprise time in my sessions are always amazing, tadaaaa üòâ #infosec  #cybersecurity #hacking",156,,4,,Photo
Let‚Äôs get started ;) #learncodeonline,165,,3,,Photo
"It was an amazing audience again at IIIM Jaipur. LCO rising everyday. Better & stronger with your love, thank you everyone for showing up.",136,,2,,Photo
,203,,7,,Photo
,112,,1,,Photo
"I call it student‚Äôs love for LCO. What we are doing is not a magic, we are just putting you on step closer towards success. It‚Äôs you, who is doing hard work, we are just reminding you, pushing you beyond your limits & providing resources.",134,,0,,Photo
#infosec,150,,0,,Photo
Amazing crowd & awesome session!,146,,0,,Photo
Everyday connection.,113,,3,,Photo
www.youtube.com/sakshamthecomputerguy,105,,0,,Photo
#brothergoals,172,,3,,Photo
Forever love for horses ‚ù§Ô∏è#farmhouse #horses #sundayfunday,126,,1,,Photo
The moment when you report a security flaw in google and get this mail üòâ,90,,5,,Photo
#candid üòé,94,,2,,Photo
